Africa,Algeria,Oran
Africa,Algeria,Constantine
Africa,Algeria,Annaba
Africa,Algeria,Blida
Africa,Algeria,Skikda
Africa,Algeria,Biskra
Africa,Algeria,Tlemcen
Africa,Algeria,Bejaia
Africa,Algeria,Bechar
Africa,Algeria,Alger
Africa,Angola,Luanda
Africa,Angola,Huambo
Africa,Angola,Lobito
Africa,Benin,Cotonou
Africa,Benin,Portonovo
Africa,Botswana,Gaborone
Africa,Botswana,Palapye
Africa,Botswana,Francistown
Africa,Botswana,Ghanzi
Africa,Botswana,Tsau
Africa,Botswana,Maun
Africa,BurkinaFaso,Ouagadougou
Africa,BurkinaFaso,Bobo Dioulasso
Africa,BurkinaFaso,Dori
Africa,BurkinaFaso,Kantchari
Africa,BurkinaFaso,Pama
Africa,BurkinaFaso,Banfora
Africa,Burundi,Bujumbura
Africa,Cameroon,Douala
Africa,Cameroon,Yaounde
Africa,Canarias,Las Palmas
Africa,CapeVerde,Praia
Africa,CentralAfricanRep,Bangui
Africa,CentralAfricanRep,Bouar
Africa,CentralAfricanRep,Bambari
Africa,CentralAfricanRep,Zemio
Africa,CentralAfricanRep,Birao
Africa,Chad,Ndjamena
Africa,Chad,Abeche
Africa,Chad,Zouar
Africa,Chad,Fada
Africa,Chad,Moundou
Africa,Chad,Sarh
Africa,Comoros,Moroni
Africa,Congo,Brazzaville
Africa,Congo,Pointe-Noire
Africa,Coted'Ivoire,Abidjan
Africa,Coted'Ivoire,Bouake
Africa,Coted'Ivoire,Yamoussoukro
Africa,Coted'Ivoire,Daloa
Africa,Coted'Ivoire,Korhogo
Africa,DCongo,Kinshasa
Africa,DCongo,Lubumbashi
Africa,DCongo,Kananga
Africa,DCongo,Kisangani
Africa,DCongo,Likasi
Africa,DCongo,Bukavu
Africa,DCongo,Kikwit
Africa,DCongo,Matadi
Africa,DCongo,Mbandaka
Africa,DCongo,Mbuji Mayi
Africa,Djibouti,Djibouti
Africa,Egypt,Alexandria
Africa,Egypt,Giza
Africa,Egypt,Port Said
Africa,Egypt,Tanta
Africa,Egypt,Asyut
Africa,Egypt,Suez
Africa,Egypt,Al-Fayyum
Africa,Egypt,Damanhur
Africa,Egypt,Al-Minya
Africa,Egypt,Aswan
Africa,Egypt,Bani Suwayf
Africa,Egypt,Luxor
Africa,Egypt,Cairo
Africa,Egypt,Qena
Africa,Egypt,Sohag
Africa,Egypt,Matruh
Africa,EquatorialGuinea,Malabo
Africa,Eritrea,Asmera
Africa,Ethiopia,Addis Ababa
Africa,Ethiopia,Dire Dawa
Africa,Ethiopia,callafo
Africa,Ethiopia,Wajale
Africa,Ethiopia,Adigrat
Africa,Ethiopia,Yabelo
Africa,Ethiopia,Gonder
Africa,Ethiopia,Dembi Dolo
Africa,Gabon,Libreville
Africa,Gambia,Banjul
Africa,Ghana,Accra
Africa,Ghana,Kumasi
Africa,Ghana,Tamale
Africa,Ghana,Tema
Africa,Ghana,Cape Coast
Africa,Guinea-Bissau,Bissau
Africa,Guinea,Conakry
Africa,Kenya,Nairobi
Africa,Kenya,Mombasa
Africa,Lesotho,Maseru
Africa,Liberia,Monrovia
Africa,Libya,Tripoli
Africa,Libya,Banghazi
Africa,Libya,Misratah
Africa,Libya,Murzuq
Africa,Libya,Waddan
Africa,Madagascar,Antananarivo
Africa,Madagascar,Toamasina
Africa,Madagascar,Mahajanga
Africa,Malawi,Blantyre
Africa,Malawi,Lilongwe
Africa,Mali,Bamako
Africa,Mali,Segou
Africa,Mali,Mopti
Africa,Mali,Kayes
Africa,Mauritania,Nouakchott
Africa,Mauritius,Portlouis
Africa,Morocco,Agadir
Africa,Morocco,Asifi
Africa,Morocco,Kenitra
Africa,Morocco,Marrakech
Africa,Morocco,Tangier
Africa,Morocco,Tatwan
Africa,Morocco,Wujda
Africa,Morocco,Casablanca
Africa,Morocco,Rabat
Africa,Morocco,Fes
Africa,Morocco,Meknes
Africa,Morocco,El Jadida
Africa,Morocco,Tarfaya
Africa,Morocco,Sidi Ifni
Africa,Morocco,Settat
Africa,Mozambique,Maputo
Africa,Mozambique,Beira
Africa,Namibia,Windhoek
Africa,Niger,Niamey
Africa,Nigeria,Lagos
Africa,Nigeria,Ibadan
Africa,Nigeria,Ogbomosho
Africa,Nigeria,Kano
Africa,Nigeria,Oshogbo
Africa,Nigeria,Ilorin
Africa,Nigeria,Port Harcourt
Africa,Nigeria,Zaria
Africa,Nigeria,Onitsha
Africa,Nigeria,Kaduna
Africa,Nigeria,Maiduguri
Africa,Nigeria,Enugu
Africa,Nigeria,Aba
Africa,Nigeria,Oyo
Africa,Nigeria,Benin City
Africa,Nigeria,Jos
Africa,Nigeria,Katsina
Africa,Nigeria,Sokoto
Africa,Nigeria,Calabar
Africa,Nigeria,Minna
Africa,Nigeria,Makurdi
Africa,Nigeria,Abuja
Africa,Rwanda,Kigali
Africa,SaoTome&Principe,Sao Tome
Africa,Senegal,Dakar
Africa,Senegal,Thies
Africa,Senegal,Kaolack
Africa,Seychelles,Victoria
Africa,Sierra Leone,Freetown
Africa,Somalia,Mogadishu
Africa,South Africa,Port Elizabeth
Africa,South Africa,Pietermaritzburg
Africa,South Africa,Germiston
Africa,South Africa,Bloemfontein
Africa,South Africa,Kimberley
Africa,South Africa,Springs
Africa,South Africa,Vereeniging
Africa,South Africa,East London
Africa,South Africa,Durban
Africa,South Africa,Johannesburg
Africa,South Africa,Cape Town
Africa,South Africa,Pretonia
Africa,Sudan,Port Sudan
Africa,Sudan,Al Obeid
Africa,Sudan,Khartum
Africa,Sudan,kassala
Africa,Sudan,Gedaref
Africa,Sudan,Nyala
Africa,Sudan,Wau
Africa,Sudan,Juba
Africa,Swaziland,Mbabane
Africa,Tanzania,Dar Es salaam
Africa,Tanzania,Zanzibar
Africa,Tanzania,Tanga
Africa,Tanzania,Dodoma
Africa,Tanzania,Mbeya
Africa,Tanzania,Mwanza
Africa,Tanzania,Tabora
Africa,Togo,Lome
Africa,Tunisia,Tunis
Africa,Tunisia,Sfax
Africa,Tunisia,Bizerte
Africa,Tunisia,Sousse
Africa,Uganda,Kampala
Africa,Uganda,Jinja
Africa,WesternSahara,Laayoune
Africa,WesternSahara,Dakhla
Africa,Zambia,Lusaka
Africa,Zambia,Ndola
Africa,Zambia,Kabwe
Africa,Zambia,Mufulira
Africa,Zambia,Chingola
Africa,Zambia,Luanshya
Africa,Zimbabwe,Harare
Africa,Zimbabwe,Bulawayo
Antarctica,Antarctica,Asuka
Antarctica,Antarctica,Casey
Antarctica,Antarctica,Davis
Antarctica,Antarctica,Eights
Antarctica,Antarctica,General Belgrano
Antarctica,Antarctica,Hally Bay
Antarctica,Antarctica,Mawson
Antarctica,Antarctica,Mirny
Antarctica,Antarctica,Palmer
Antarctica,Antarctica,Sanae
Antarctica,Antarctica,Scott
Antarctica,Antarctica,Showa
Antarctica,Antarctica,South Pole
Antarctica,Antarctica,Vostok
Asia,Afghanistan,Kabul
Asia,Afghanistan,Qandahar
Asia,Afghanistan,Herat
Asia,Afghanistan,Qonduz
Asia,Afghanistan,Baghlan
Asia,Bahrain,Manama
Asia,Bangladesh,Chittagong
Asia,Bangladesh,Khulna
Asia,Bangladesh,Narayanganj
Asia,Bangladesh,Mymensingh
Asia,Bangladesh,Comilla
Asia,Bangladesh,Barisal
Asia,Bangladesh,Dhaka
Asia,Bangladesh,Saidpur
Asia,Bangladesh,Rangpur
Asia,Bangladesh,Sylhet
Asia,Bangladesh,Pabna
Asia,Bangladesh,Rajshahi
Asia,Bhutan,Thimphu
Asia,Bhutan,Tashigang
Asia,Bhutan,Tongsa
Asia,Bhutan,Dewangiri
Asia,Brunei,Bandar Seri Begawan
Asia,Brunei,Seria
Asia,Cambodia,Phnompenh
Asia,Cambodia,Siem Reap
Asia,Cambodia,Sihanoukville
Asia,China,Fuzhou
Asia,China,Xiamen
Asia,China,Quangzhou
Asia,China,Zhangzhou
Asia,China,Nanpin
Asia,China,Sanmin
Asia,China,Ronyen
Asia,China,Hangzhou
Asia,China,Fuzhou
Asia,China,Ningbo
Asia,China,Jinpha
Asia,China,Shaoxing
Asia,China,Jiaxing
Asia,China,Wenzhou
Asia,China,Anji
Asia,China,Chouzhou
Asia,China,Thaizhou
Asia,China,Shanghai
Asia,China,Nanking
Asia,China,Yangzhou
Asia,China,Zhenjiang
Asia,China,Changzhou
Asia,China,Nantong
Asia,China,Wuxi
Asia,China,Suzhou
Asia,China,Lianyungang
Asia,China,Xuzhou
Asia,China,Jinan
Asia,China,Qingdao
Asia,China,Yantai
Asia,China,Zibo
Asia,China,Weifang
Asia,China,Zaozhuang
Asia,China,Jining
Asia,China,Tianjin
Asia,China,Beijing
Asia,China,Tangshan
Asia,China,Zhangjiakou
Asia,China,Handan
Asia,China,Shijiazhuang
Asia,China,Chengde
Asia,China,Baoding
Asia,China,Dalian
Asia,China,Shenyang
Asia,China,Fushun
Asia,China,Anshan
Asia,China,Tieling
Asia,China,Benxi
Asia,China,Fuxin
Asia,China,Jinzhou
Asia,China,Yingkou
Asia,China,Changshun
Asia,China,Jilin
Asia,China,Baicheng
Asia,China,Dunhua
Asia,China,Tonghua
Asia,China,Siping
Asia,China,Harbin
Asia,China,Suihua
Asia,China,Hegang
Asia,China,Jiamusi
Asia,China,Jixi
Asia,China,Mudanjiang
Asia,China,Taiyuan
Asia,China,Datong
Asia,China,Yangquan
Asia,China,Changzhi
Asia,China,Xian
Asia,China,Baoji
Asia,China,Xianyang
Asia,China,Zhengzhou
Asia,China,Nanyang
Asia,China,Kaifeng
Asia,China,Xinxiang
Asia,China,Pingdingshan
Asia,China,Luoyang
Asia,China,Huainan
Asia,China,Hefei
Asia,China,Bengbu
Asia,China,Anqing
Asia,China,Wuhu
Asia,China,Pingxiang
Asia,China,Nanchang
Asia,China,Wuhan
Asia,China,Shashi
Asia,China,Xiangfan
Asia,China,Huangshi
Asia,China,Changsha
Asia,China,Shaoyang
Asia,China,Xiangtan
Asia,China,Zhuzhou
Asia,China,Hengyang
Asia,China,Yueyang
Asia,China,Chongqing
Asia,China,Hong Kong
Asia,China,Kowloon
Asia,China,Guangzhou
Asia,China,Foshan
Asia,China,Shaoguan
Asia,China,Zhanjiang
Asia,China,Haikou
Asia,China,Guilin
Asia,China,Wuzhou
Asia,China,Liuzhou
Asia,China,Nanning
Asia,China,Guiyang
Asia,China,Zunyi
Asia,China,Kunming
Asia,China,Gejiu
Asia,China,Chengdu
Asia,China,Neijiang
Asia,China,Zigong
Asia,China,Yibin
Asia,China,Luzhou
Asia,China,Qiqihar
Asia,China,Tongliao
Asia,China,Chifeng
Asia,China,Hohhot
Asia,China,Baotou
Asia,China,Lanzhou
Asia,China,Tianshui
Asia,China,Yumen
Asia,China,Xining
Asia,China,Hami
Asia,China,Urumqi
Asia,China,Kaxgar
Asia,China,Hotan
Asia,China,Lhasa
Asia,Cyprus,Nicosia
Asia,India,Delhi
Asia,India,New Delhi
Asia,India,Calcutta
Asia,India,Madras
Asia,India,Hyderabad
Asia,India,Ahmadabad
Asia,India,Bangalore
Asia,India,Kanpur
Asia,India,Nagpur
Asia,India,Lucknow
Asia,India,Pune
Asia,India,Surat
Asia,India,Jaipur
Asia,India,Coimbatore
Asia,India,Madurai
Asia,India,Indore
Asia,India,Bhopal
Asia,India,Vishakhapatnam
Asia,India,Patna
Asia,India,Howrah
Asia,India,Allahabad
Asia,India,Jabalpur
Asia,India,Amritsar
Asia,India,Srinagar
Asia,India,Calicut
Asia,India,Gwalior
Asia,India,Cochin
Asia,India,Jodhpur
Asia,India,Ranchi
Asia,India,Trivandrum
Asia,India,Vijayawada
Asia,India,Rajkot
Asia,India,Mysore
Asia,India,Jamshedpur
Asia,India,Meerut
Asia,India,Bareilly
Asia,India,Chandigarh
Asia,India,Guntur
Asia,India,Salem
Asia,India,Kolhapur
Asia,India,Raipur
Asia,India,Warangal
Asia,India,Bhavnagar
Asia,India,Saharanpur
Asia,India,Gorakhpur
Asia,India,Belgaum
Asia,India,Cuttack
Asia,India,Amravati
Asia,India,Bikaner
Asia,India,Gaya
Asia,India,Jhansi
Asia,India,Nellore
Asia,India,Bhagalpur
Asia,India,Gulbarga
Asia,India,Bhubaneswar
Asia,India,Jammu
Asia,India,Bombay
Asia,India,Imphal
Asia,India,Dibrugarh
Asia,Indonesia,Jakarta
Asia,Indonesia,Surabaya
Asia,Indonesia,Medan
Asia,Indonesia,Bandung
Asia,Indonesia,Semarang
Asia,Indonesia,Palembang
Asia,Indonesia,Ujung Pandang
Asia,Indonesia,Malang
Asia,Indonesia,Padang
Asia,Indonesia,Surakarta
Asia,Indonesia,Yogyakarta
Asia,Indonesia,Banjarmasin
Asia,Indonesia,Pontianak
Asia,Indonesia,Balikpapan
Asia,Indonesia,Samarinda
Asia,Indonesia,Denpasar
Asia,Indonesia,Bogor
Asia,Indonesia,Telanaipura
Asia,Indonesia,Kediri
Asia,Indonesia,Manado
Asia,Indonesia,Pakanbaru
Asia,Indonesia,Madiun
Asia,Indonesia,Pematangsiantar
Asia,Indonesia,Pekalongan
Asia,Indonesia,Magelang
Asia,Indonesia,Mataram
Asia,Indonesia,Tanjungkarang
Asia,Indonesia,Sorong
Asia,Iran,Tehran
Asia,Iran,Isfahan
Asia,Iran,Tabriz
Asia,Iran,Shiraz
Asia,Iran,Orumiyeh
Asia,Iran,Rasht
Asia,Iran,Zahedan
Asia,Iran,Hamadan
Asia,Iran,Kerman
Asia,Iran,Qazvin
Asia,Iran,Yazd
Asia,Iran,Mashhad
Asia,Iran,Kermanshah
Asia,Iran,Ahwaz
Asia,Iraq,Baghdad
Asia,Iraq,Kirkuk
Asia,Iraq,Irbil
Asia,Iraq,Al-Hillah
Asia,Iraq,Karbala
Asia,Iraq,Basra
Asia,Iraq,Mawsil
Asia,Israel,Jerusalem
Asia,Israel,Haifa
Asia,Israel,Holon
Asia,Israel,Beersheba
Asia,Israel,Tel Aviv yafo
Asia,Japan,Tokyo
Asia,Jordan,Amman
Asia,Jordan,Zarqa
Asia,Jordan,Irbid
Asia,Korea,Seoul
Asia,Korea,Pusan
Asia,Korea,Taegu
Asia,Korea,Inchon
Asia,Korea,Kwangju
Asia,Korea,Taejon
Asia,Korea,Ulsan
Asia,Korea,Masan
Asia,Korea,Suwon
Asia,Korea,Chonju
Asia,Korea,Cheju
Asia,Korea,Kunsan
Asia,Korea,Yosu
Asia,Korea,Wonju
Asia,Korea,Chongiu
Asia,Korea,Pohang
Asia,Korea,Puchon
Asia,Korea,Songnam
Asia,Kuwait,Kuwait
Asia,Laos,Vientiane
Asia,Laos,Phong Saly
Asia,Laos,Nape
Asia,Laos,Pakse
Asia,Lebanon,Zahle
Asia,Lebanon,Bayrut
Asia,Macau,Coloane
Asia,Malaysia,Kuala Lumpur
Asia,Malaysia,Ipoh
Asia,Malaysia,Kelang
Asia,Malaysia,Seremban
Asia,Malaysia,Kuching
Asia,Malaysia,Melaka
Asia,Malaysia,Johor Bahru
Asia,Malaysia,Kota Kinabalu
Asia,Maldives,Male
Asia,Mongolia,Ulaanbaatar
Asia,Mongolia,Choybalsan
Asia,Mongolia,Saynshand
Asia,Mongolia,Moron
Asia,Mongolia,Altay
Asia,Mongolia,Hovd
Asia,Mongolia,Ulaangom
Asia,Myanmar,Yangon
Asia,Myanmar,Mandalay
Asia,Myanmar,Moulmein
Asia,Myanmar,Pegu
Asia,Myanmar,Bassein
Asia,Myanmar,Sittwe
Asia,Myanmar,Putao
Asia,Myanmar,Pye
Asia,Myanmar,Taunggyi
Asia,Nepal,Kathmandu
Asia,Nepal,Patan
Asia,North Korea,Pyonyan
Asia,North Korea,Chongjin
Asia,North Korea,Nampo
Asia,North Korea,Sinuiju
Asia,North Korea,Wonsan
Asia,North Korea,Kaesong
Asia,North Korea,Hamhung
Asia,North Korea,Kimchaek
Asia,North Korea,Haeju
Asia,North Korea,Sariwon
Asia,Oman,Muscat
Asia,Oman,Sohar
Asia,Oman,Sur
Asia,Oman,Al Khaluf
Asia,Oman,Al Jawarah
Asia,Oman,Salalah
Asia,Pakistan,Karachi
Asia,Pakistan,Hyderabad
Asia,Pakistan,Faisalabad
Asia,Pakistan,Rawalpindi
Asia,Pakistan,Multan
Asia,Pakistan,Gujranwala
Asia,Pakistan,Peshawar
Asia,Pakistan,Sialkot
Asia,Pakistan,Sargodha
Asia,Pakistan,Quetta
Asia,Pakistan,Islamabad
Asia,Pakistan,Sukkur
Asia,Pakistan,Bahawalpur
Asia,Pakistan,Gujrat
Asia,Pakistan,Sahiwal
Asia,Pakistan,Lahole
Asia,Pakistan,Nawabshah
Asia,Pakistan,Rahimyar Khan
Asia,Philippines,Manila
Asia,Philippines,Quezon
Asia,Philippines,Davao
Asia,Philippines,Cebu
Asia,Philippines,Zamboanga
Asia,Philippines,Bacolod
Asia,Philippines,Iloilo
Asia,Philippines,Butuan
Asia,Philippines,Olongapo
Asia,Philippines,Batangas
Asia,Philippines,Cabanatuan
Asia,Philippines,San Pablo
Asia,Philippines,Baguio
Asia,Philippines,Lipa
Asia,Philippines,Tacloban
Asia,Philippines,Angeles
Asia,Philippines,Calbayog
Asia,Philippines,Legaspi
Asia,Philippines,Cagayan De oro
Asia,Philippines,General Santos
Asia,Philippines,Cotabato
Asia,Philippines,Roxas
Asia,Philippines,Puerto Princesa
Asia,Qatar,Duha
Asia,Saudi Arabia,Jiddah
Asia,Saudi Arabia,Mecca
Asia,Saudi Arabia,Taif
Asia,Saudi Arabia,Medina
Asia,Saudi Arabia,Dammam
Asia,Saudi Arabia,Hufuf
Asia,Saudi Arabia,Buraydah
Asia,Saudi Arabia,Al-Mubarraz
Asia,Saudi Arabia,Riyad
Asia,Singapore,Singapore
Asia,SriLanka,Colombo
Asia,SriLanka,Jaffna
Asia,SriLanka,Kandy
Asia,SriLanka,Galle
Asia,SriLanka,Negombo
Asia,SriLanka,Srijanawardenepura
Asia,Syria,Damascus
Asia,Syria,Aleppo
Asia,Syria,Homs
Asia,Syria,Latakia
Asia,Syria,Hama
Asia,Taiwan,Taipei
Asia,Taiwan,Taoyuan
Asia,Taiwan,Hsinchu
Asia,Taiwan,Miaoli
Asia,Taiwan,Taichung
Asia,Taiwan,Changhua
Asia,Taiwan,Chiai
Asia,Taiwan,Tainan
Asia,Taiwan,Kaohsiung
Asia,Taiwan,Pingtung
Asia,Taiwan,Ilan
Asia,Taiwan,Hwalien
Asia,Taiwan,Taitung
Asia,Thailand,Bangkok
Asia,Thailand,Nakhon Ratchasima
Asia,Thailand,Chiang Mai
Asia,Thailand,Thon Buri
Asia,Thailand,Khon Kaen
Asia,Thailand,Ubon Ratchathani
Asia,Thailand,Nakhon Sawan
Asia,Thailand,Nahkon Si Thammarat
Asia,Thailand,Songkhla
Asia,Turkey,Istanbul
Asia,Turkey,Ankara
Asia,Turkey,Izmir
Asia,Turkey,Bursa
Asia,Turkey,Gaziantep
Asia,Turkey,Konya
Asia,Turkey,Kayseri
Asia,Turkey,Eskisehir
Asia,Turkey,Mersin
Asia,Turkey,Diyarbakir
Asia,Turkey,Samsun
Asia,Turkey,Antalya
Asia,Turkey,Erzurum
Asia,Turkey,Malatya
Asia,Turkey,Sivas
Asia,Turkey,Elazig
Asia,Turkey,Balikesir
Asia,Turkey,Van
Asia,Turkey,Kutahya
Asia,Turkey,Zonguldak
Asia,Turkey,Adapazari
Asia,Turkey,Izmit
Asia,Turkey,Denizli
Asia,Turkey,Adana
Asia,Turkey,Maras
Asia,UnitedArabEmirates,Dubayyi
Asia,UnitedArabEmirates,Abu Zabi
Asia,Vietnam,Da Nang
Asia,Vietnam,Nha Trang
Asia,Vietnam,Qui Nhon
Asia,Vietnam,Hue
Asia,Vietnam,Can Tho
Asia,Vietnam,My Tho
Asia,Vietnam,Cam Ranh
Asia,Vietnam,Vung Tau
Asia,Vietnam,Haiphong
Asia,Vietnam,Hochiminn
Asia,Vietnam,Hanoi
Asia,Vietnam,Hon Gai
Asia,Vietnam,Nam Dinh
Asia,Vietnam,Thai Nguyen
Asia,Vietnam,Vinh
Asia,Vietnam,Quang Ngai
Asia,Vietnam,Dalat
Asia,Vietnam,Rach Gia
Asia,Yemen,Mukalla
Asia,Yemen,Adan
Asia,Yemen,San'a
Europe,Albania,Tirane
Europe,Albania,Shkoder
Europe,Albania,Vlore
Europe,Albania,Korce
Europe,Andorra,Andorra La vella
Europe,Austria,Graz
Europe,Austria,Linz
Europe,Austria,Salzburg
Europe,Austria,Innsbruck
Europe,Austria,Klagenfurt
Europe,Austria,Wien
Europe,Belgium,Charleroi
Europe,Belgium,Liege
Europe,Belgium,Bruges
Europe,Belgium,Namur
Europe,Belgium,Bruxelles
Europe,Belgium,Antwerp
Europe,Bosnia,Banja Luka
Europe,Bosnia,Mostar
Europe,Bosnia,Sarajebo
Europe,Bulgaria,Plovdiv
Europe,Bulgaria,Varna
Europe,Bulgaria,Burgas
Europe,Bulgaria,Stara Zagora
Europe,Bulgaria,Pleven
Europe,Bulgaria,Tolbukhin
Europe,Bulgaria,Sliven
Europe,Bulgaria,Shumen
Europe,Bulgaria,Pernik
Europe,Bulgaria,Khaskovo
Europe,Bulgaria,Gabrovo
Europe,Bulgaria,Pazardzhik
Europe,Bulgaria,Sofiya
Europe,Croatia,Zagreb
Europe,Croatia,Rijeka
Europe,Croatia,Split
Europe,Croatia,Osijek
Europe,Czecho,Brno
Europe,Czecho,Ostrava
Europe,Czecho,Plzen
Europe,Czecho,Olomouc
Europe,Czecho,Liberec
Europe,Czecho,Hradec Kralove
Europe,Czecho,Ceske Budejovice
Europe,Czecho,Pardubice
Europe,Czecho,Praha
Europe,Denmark,Odense
Europe,Denmark,Esbjerg
Europe,Denmark,Randers
Europe,Denmark,Thule
Europe,Denmark,Copenhagen
Europe,Estonia,Tallin
Europe,Estonia,Tartu
Europe,Estonia,Narva
Europe,Finland,Helsinki
Europe,Finland,Tampere
Europe,Finland,Hameenlinna
Europe,Finland,Espoo
Europe,Finland,Oulu
Europe,Finland,Rovaniemi
Europe,Finland,Pori
Europe,Finland,Kuopio
Europe,Finland,Jyvaskyla
Europe,Finland,Kotka
Europe,Finland,Vaasa
Europe,Finland,Turky
Europe,France,Toulouse
Europe,France,Nice
Europe,France,Strasbourg
Europe,France,Nantes
Europe,France,Bordeaux
Europe,France,Montpellier
Europe,France,Le Havre
Europe,France,Rennes
Europe,France,Reims
Europe,France,Toulon
Europe,France,Clermont-Ferrand
Europe,France,Dijon
Europe,France,Limoges
Europe,France,Perpignan
Europe,France,Rouen
Europe,France,Nancy
Europe,France,Calais
Europe,France,Cherbourg
Europe,France,Lille
Europe,France,Paris
Europe,France,Lyon
Europe,France,Marseille
Europe,France,Chamonix
Europe,France,Lemans
Europe,France,Sr.Nazaire
Europe,France,Brest
Europe,France,Amiens
Europe,France,Metz
Europe,France,Mulhouse
Europe,France,Besancon
Europe,France,Annecy
Europe,France,Bayonne
Europe,France,Orleaans
Europe,France,Angers
Europe,France,Lorient
Europe,Germany,Hamburg
Europe,Germany,Berlin
Europe,Germany,Essen
Europe,Germany,Frankfurt
Europe,Germany,Dortmund
Europe,Germany,Stuttgart
Europe,Germany,Dusseldorf
Europe,Germany,Leipzig
Europe,Germany,Bremen
Europe,Germany,Dresden
Europe,Germany,Duisburg
Europe,Germany,Hannover
Europe,Germany,Nurnberg
Europe,Germany,Mannheim
Europe,Germany,Bonn
Europe,Germany,Magdeburg
Europe,Germany,Wiesbaden
Europe,Germany,Rostock
Europe,Germany,Augsburg
Europe,Germany,Kiel
Europe,Germany,Halle
Europe,Germany,Erfurt
Europe,Germany,Mainz
Europe,Germany,Freiburg
Europe,Germany,Kassel
Europe,Germany,Saarbrucken
Europe,Germany,Potsdam
Europe,Germany,Heidelberg
Europe,Germany,Bremerhaven
Europe,Germany,Schwerin
Europe,Germany,Wurzburg
Europe,Germany,Regensburg
Europe,Germany,Munchen
Europe,Germany,Rothenburg
Europe,Germany,Koln
Europe,Greece,Athens
Europe,Greece,Thessaloniki
Europe,Greece,Piraeus
Europe,Greece,Patras
Europe,Greece,Larissa
Europe,Greece,Iraklion
Europe,Greece,Volos
Europe,Greece,Olimbia
Europe,Greece,Megalopolis
Europe,Greece,Sparti
Europe,Greece,NeaPolis
Europe,Greece,Kithira
Europe,Greece,Olimbos
Europe,Hungary,Budapest
Europe,Hungary,Debrecen
Europe,Hungary,Miskolc
Europe,Hungary,Szeged
Europe,Hungary,Szombathely
Europe,Hungary,Szolnok
Europe,Hungary,Kaposvar
Europe,Hungary,Bekescsaba
Europe,Hungary,Zalaegerszeg
Europe,Hungary,Nyiregyhaza
Europe,Iceland,Reykjavik
Europe,Ireland,Dublin
Europe,Ireland,Drogheda
Europe,Ireland,Dundaik
Europe,Ireland,Sligo
Europe,Ireland,Limerick
Europe,Ireland,Cork
Europe,Ireland,Dun Laoghaire
Europe,Ireland,Tullamore
Europe,Ireland,Athlone
Europe,Ireland,Galway
Europe,Ireland,Tralee
Europe,Ireland,Kilarney
Europe,Ireland,Waterford
Europe,Italy,Palermo
Europe,Italy,Bologna
Europe,Italy,Bari
Europe,Italy,Messina
Europe,Italy,Verona
Europe,Italy,Taranto
Europe,Italy,Trieste
Europe,Italy,Cagliari
Europe,Italy,Modena
Europe,Italy,Parma
Europe,Italy,Foggia
Europe,Italy,Salerno
Europe,Italy,Perugia
Europe,Italy,Ravenna
Europe,Italy,Pescara
Europe,Italy,Siracusa
Europe,Italy,Monza
Europe,Italy,Sassari
Europe,Italy,Bergamo
Europe,Italy,La Spezia
Europe,Italy,Cosenza
Europe,Italy,Ancona
Europe,Italy,Pisa
Europe,Italy,Udine
Europe,Italy,Alessandria
Europe,Italy,Bolzano
Europe,Italy,Milano
Europe,Italy,Napoli
Europe,Italy,Roma
Europe,Italy,Torino
Europe,Italy,Venezia
Europe,Italy,Imola
Europe,Italy,Firenze
Europe,Italy,Genova
Europe,Italy,Qatania
Europe,Italy,Reggio di Calabria
Europe,Italy,Catanzaro
Europe,Italy,Rimini
Europe,Latvia,Riga
Europe,Latvia,Daugavpils
Europe,Latvia,Liepaja
Europe,Latvia,Elgava
Europe,Liechtenstein,Vaduz
Europe,Lithuania,Vilinyus
Europe,Lithuania,Siauliai
Europe,Lithuania,Kaunas
Europe,Lithuania,Klaipeda
Europe,Lithuania,Panevezys
Europe,Luxembourg,Luxembourg
Europe,Luxembourg,Luxemburg
Europe,Macedonia,Skopje
Europe,Macedonia,Bitola
Europe,Malta,Valletta
Europe,Manaco,Manaco
Europe,Netherlands,Rotterdam
Europe,Netherlands,Hague
Europe,Netherlands,Utrecht
Europe,Netherlands,Eindhoven
Europe,Netherlands,Groningen
Europe,Netherlands,Tilburg
Europe,Netherlands,Haarlem
Europe,Netherlands,Apeldoorn
Europe,Netherlands,Nijmegen
Europe,Netherlands,Enschede
Europe,Netherlands,Arnhem
Europe,Netherlands,Breda
Europe,Netherlands,Maastricht
Europe,Netherlands,Dordrecht
Europe,Netherlands,Leiden
Europe,Netherlands,Amsterdam
Europe,Norway,Oslo
Europe,Norway,Trondheim
Europe,Norway,Stavanger
Europe,Norway,Kristiansand
Europe,Norway,Drammen
Europe,Norway,Bergen
Europe,Norway,Moss
Europe,Norway,Narvik
Europe,Norway,Hamar
Europe,Norway,Lillehammer
Europe,Norway,Lom
Europe,Norway,Geiranger
Europe,Norway,Loen
Europe,Norway,Balestrand
Europe,Norway,Voss
Europe,Norway,Leikanger
Europe,Norway,Hammerfest
Europe,Poland,Lodz
Europe,Poland,Krakow
Europe,Poland,Wroclaw
Europe,Poland,Poznan
Europe,Poland,Gdansk
Europe,Poland,Szczecin
Europe,Poland,Bydgoszcz
Europe,Poland,Katowice
Europe,Poland,Lublin
Europe,Poland,Czestochowa
Europe,Poland,Gdynia
Europe,Poland,Radom
Europe,Poland,Kielce
Europe,Poland,Torun
Europe,Poland,Olsztyn
Europe,Poland,Rzeszow
Europe,Poland,Opole
Europe,Poland,Elblag
Europe,Poland,Tarnow
Europe,Poland,Walszawa
Europe,Poland,Bialystok
Europe,Poland,Slupsk
Europe,Poland,Koszalin
Europe,Poland,Zielona Gora
Europe,Poland,Legnica
Europe,Poland,Walbrzych
Europe,Portugal,Lisbon
Europe,Portugal,Porto
Europe,Portugal,Setubal
Europe,Portugal,Coimbra
Europe,Portugal,Braga
Europe,Portugal,Funchal
Europe,Romania,Bucharest
Europe,Romania,Brasov
Europe,Romania,Constanta
Europe,Romania,Timisoara
Europe,Romania,Iasi
Europe,Romania,Galati
Europe,Romania,Craiova
Europe,Romania,Braila
Europe,Romania,Ploiesti
Europe,Romania,Oradea
Europe,Romania,Arad
Europe,Romania,Bacau
Europe,Romania,Sibiu
Europe,Romania,Tirgu Mures
Europe,Romania,Pitesti
Europe,Romania,Baia Mare
Europe,Romania,Satu Mare
Europe,Romania,Cluj
Europe,SanMarino,Sanmarino
Europe,Slovakia,Bratislava
Europe,Slovakia,Kosice
Europe,Slovenia,Maribor
Europe,Slovenia,Ljublijana
Europe,Spain,Madrid
Europe,Spain,Barcelona
Europe,Spain,Valencia
Europe,Spain,Malaga
Europe,Spain,Bilbao
Europe,Spain,Valladolid
Europe,Spain,Murcia
Europe,Spain,Vigo
Europe,Spain,Gijon
Europe,Spain,Alicante
Europe,Spain,La Coruna
Europe,Spain,Zaragoza
Europe,Spain,Santander
Europe,Spain,San Sebastian
Europe,Spain,Salamanca
Europe,Spain,Burgos
Europe,Spain,Almeria
Europe,Spain,Huelva
Europe,Spain,Albacete
Europe,Spain,Granada
Europe,Spain,Oviedo
Europe,Spain,Sevilla
Europe,Spain,Orense
Europe,Spain,Leon
Europe,Spain,Vitoria
Europe,Spain,Logrono
Europe,Spain,Pamplona
Europe,Spain,Lerida
Europe,Spain,Mataro
Europe,Spain,Tarragona
Europe,Spain,Castellon de la Plana
Europe,Spain,Badajoz
Europe,Spain,Cordoba
Europe,Spain,Jaen
Europe,Spain,Cartagena
Europe,Spain,Cadiz
Europe,Sweden,Stockholm
Europe,Sweden,Uppsala
Europe,Sweden,Helsingborg
Europe,Sweden,Sundsvall
Europe,Sweden,Lulea
Europe,Sweden,Goteborg
Europe,Sweden,Kiruna
Europe,Sweden,Malmo
Europe,Swiss,Basel
Europe,Swiss,Bern
Europe,Swiss,Lausanne
Europe,Swiss,Luzern
Europe,Swiss,Biel
Europe,Swiss,Thun
Europe,Swiss,Zurich
Europe,Swiss,Brig
Europe,Swiss,Interlaken
Europe,Swiss,Locarno
Europe,Swiss,Martigny
Europe,Swiss,Montreux
Europe,Swiss,Olten
Europe,Swiss,Geneve
Europe,United Kingdom,Birmingham
Europe,United Kingdom,Aberdeen
Europe,United Kingdom,Glasgow
Europe,United Kingdom,York
Europe,United Kingdom,Liverpool
Europe,United Kingdom,Leeds
Europe,United Kingdom,Manchester
Europe,United Kingdom,Bristol
Europe,United Kingdom,Edinburgh
Europe,United Kingdom,Belfast
Europe,United Kingdom,Nottingham
Europe,United Kingdom,London
Europe,United Kingdom,Southampton
Europe,United Kingdom,Swansea
Europe,United Kingdom,Dundee
Europe,United Kingdom,Norwich
Europe,United Kingdom,Oxford
Europe,United Kingdom,Portsmouth
Europe,United Kingdom,Plymauth
Europe,United Kingdom,Shefield
Europe,United Kingdom,Cambridge
Europe,United Kingdom,Dover
Europe,United Kingdom,Caediff
Europe,Vatican,Vatican
Europe,Yugoslavia,Novi Sad
Europe,Yugoslavia,Nis
Europe,Yugoslavia,Pristina
Europe,Yugoslavia,Beograd
Nis,Armenia,Erevan
Nis,Armenia,Kirovakan
Nis,Azerbaijan,Baku
Nis,Azerbaijan,Sumgait
Nis,Azerbaijan,Kirovabad
Nis,Azerbaijan,Mingechaur
Nis,Belarus,Minsk
Nis,Belarus,Gomer
Nis,Belarus,Vitebsk
Nis,Belarus,Mogilyov
Nis,Belarus,Borisov
Nis,Belarus,Grodno
Nis,Belarus,Baranovichi
Nis,Belarus,Bobruysk
Nis,Belarus,Brest
Nis,Belarus,Orsha
Nis,Belarus,Pinsk
Nis,Belarus,Mozyr
Nis,Georgia,Tbilisi
Nis,Georgia,Rustavi
Nis,Georgia,Kutaisi
Nis,Georgia,Batumi
Nis,Georgia,Sukhumi
Nis,Georgia,Poti
Nis,Georgia,Chiatura
Nis,Kazakhstan,Rudny
Nis,Kazakhstan,Almaty
Nis,Kazakhstan,Karaganda
Nis,Kazakhstan,Atyrau
Nis,Kazakhstan,Beineu
Nis,Kazakhstan,Kustanay
Nis,Kazakhstan,Petropavlovsk
Nis,Kazakhstan,Kokchetav
Nis,Kazakhstan,Ekibastuz
Nis,Kazakhstan,Temirtau
Nis,Kazakhstan,Semipalatinsk
Nis,Kazakhstan,Ust-Kamenogorsk
Nis,Kazakhstan,Tselinograd
Nis,Kazakhstan,Pavlodar
Nis,Kazakhstan,Aktybinsk
Nis,Kazakhstan,Uralsk
Nis,Kazakhstan,Shevchenko
Nis,Kazakhstan,Guryev
Nis,Kazakhstan,Kzyl-Orda
Nis,Kazakhstan,Chimkent
Nis,Kazakhstan,Dzhambul
Nis,Kyrgyz,Bishkek
Nis,Kyrgyz,Dzhalal-Abad
Nis,Kyrgyz,Przhevalsk
Nis,Kyrgyz,Osh
Nis,Moldova,Kishinyov
Nis,Moldova,Beltsy
Nis,Moldova,Tiraspol
Nis,Moldova,Bendery
Nis,Russia,Novosibirsk
Nis,Russia,Sverdlovsk
Nis,Russia,Omsk
Nis,Russia,Kazan
Nis,Russia,Perm
Nis,Russia,Ufa
Nis,Russia,Rostov-on-Don
Nis,Russia,Volgograd
Nis,Russia,Saratov
Nis,Russia,Vladivostok
Nis,Russia,Irkutsk
Nis,Russia,Krasnodar
Nis,Russia,Khabarovsk
Nis,Russia,Astrakhan
Nis,Russia,Murmansk
Nis,Russia,Arkhangelsk
Nis,Russia,Chita
Nis,Russia,Saransk
Nis,Russia,Petrozavodsk
Nis,Russia,Angarsk
Nis,Russia,Bratsk
Nis,Russia,Novgorod
Nis,Russia,Yakutsk
Nis,Russia,Ekaterinburg
Nis,Russia,Nizhnii Novgorod
Nis,Russia,Rostov Na donu
Nis,Russia,Samara
Nis,Russia,Sankt Peterburg
Nis,Russia,Chelvabinsk
Nis,Russia,Moskva
Nis,Russia,Groznyi
Nis,Russia,Ulan-ude
Nis,Russia,Krasnoyarsk
Nis,Russia,Ambarchik
Nis,Russia,Dikson
Nis,Russia,Khatanga
Nis,Russia,Nordvik
Nis,Russia,Okha
Nis,Russia,Nogliki
Nis,Russia,Okhotsk
Nis,Russia,Palana
Nis,Russia,Pevek
Nis,Russia,Tiksi
Nis,Russia,Uelen
Nis,Russia,Verkhoyansk
Nis,Russia,Yuzhno Sakhalinsk
Nis,Russia,Nakhodka
Nis,Russia,Ussuriysk
Nis,Russia,Magadan
Nis,Russia,Komsomol'sk-na-Amure
Nis,Russia,Tomsk
Nis,Russia,Barnaul
Nis,Russia,Kemerovo
Nis,Russia,Nizhnevartovsk
Nis,Russia,Surgut
Nis,Russia,Vorkuta
Nis,Russia,Yaroslavl
Nis,Russia,Tula
Nis,Russia,Ryazan
Nis,Russia,Penza
Nis,Russia,Simbirsk
Nis,Russia,Voronezh
Nis,Russia,Orenburg
Nis,Russia,Tol'yatti
Nis,Russia,Naberezhnyye Chelny
Nis,Russia,Izhevsk
Nis,Russia,Novokuznetsk
Nis,Russia,Rubtsovsk
Nis,Russia,Biysk
Nis,Russia,Chara
Nis,Russia,Beringovskiy
Nis,Russia,Anadyr'
Nis,Russia,Vankarem
Nis,Russia,Petropavlovsk-Kamchatskiy
Nis,Russia,Konigsberg
Nis,Tadzhikistan,Dushanbe
Nis,Tadzhikistan,Kulyab
Nis,Tadzhikistan,Kurgan-Tyube
Nis,Turkmenistan,Ashkhabad
Nis,Turkmenistan,Tashauz
Nis,Turkmenistan,Krasnovodsk
Nis,Turkmenistan,Chardzhou
Nis,Ukraine,Kiev
Nis,Ukraine,Kharkov
Nis,Ukraine,Dnepropetrovsk
Nis,Ukraine,Lvov
Nis,Ukraine,Krivoi Rog
Nis,Ukraine,Odessa
Nis,Ukraine,Donetsk
Nis,Ukraine,Zaporozhye
Nis,Ukraine,Krivoy Rog
Nis,Ukraine,Nikolayev
Nis,Ukraine,Chernigov
Nis,Ukraine,Poltava
Nis,Ukraine,Vinnitsa
Nis,Ukraine,Makeyevka
Nis,Ukraine,Gorlovka
Nis,Ukraine,Kherson
Nis,Ukraine,Sevastopol
Nis,Ukraine,Simferopol
Nis,Uzbekistan,Tashkent
Nis,Uzbekistan,Samarkand
Nis,Uzbekistan,Nukus
Nis,Uzbekistan,Bukhara
Nis,Uzbekistan,Karshi
Nis,Uzbekistan,Chirchik
Nis,Uzbekistan,Urgench
Nis,Uzbekistan,Navoi
Nis,Uzbekistan,Angren
Nis,Uzbekistan,Fergana
Nis,Uzbekistan,Namangan
Nis,Uzbekistan,Andizhan
Nis,Uzbekistan,Kokand
North America,AntiguaBarbuda,St.johns
North America,Bahamas,Nassau
North America,Barbados,Bridgetown
North America,Belize,Belmopan
North America,Canada,Calgary
North America,Canada,Winnipeg
North America,Canada,Edmonton
North America,Canada,London
North America,Canada,Windsor
North America,Canada,Saskatoon
North America,Canada,Regina
North America,Canada,Quebec
North America,Canada,Halifax
North America,Canada,Thunder Bay
North America,Canada,Sudbury
North America,Canada,Sherbrooke
North America,Canada,Victoria
North America,Canada,Trois Rivieres
North America,Canada,Hamilton
North America,Canada,Montreal
North America,Canada,Churchill
North America,Canada,Coppermine
North America,Canada,Fort Chimo
North America,Canada,Hay River
North America,Canada,Resolute
North America,Canada,Saglouc
North America,Canada,Ottawa
North America,Canada,Toronto
North America,Canada,Vancouver
North America,Canada,Banff
North America,Canada,Jasper
North America,Canada,St.john's
North America,CostaRica,San Jose
North America,Cuba,Holguin
North America,Cuba,Santa Clara
North America,Cuba,Cienfuegos
North America,Cuba,Matanzas
North America,Cuba,Guantanamo
North America,Cuba,Habana
North America,Dominica,Roseau
North America,DominicanRepublic,Santo Domingo
North America,ElSalvador,San Salvador
North America,Grenada,St.georges
North America,Guatemala,Guatemala City
North America,Guatemala,Quezaltenango
North America,Haiti,Portauprince
North America,Honduras,Tegucigalpa
North America,Honduras,San Pedro Sula
North America,Honduras,La Ceiba
North America,Honduras,Choluteca
North America,Honduras,Roatan
North America,Honduras,Utila
North America,Jamaica,Kingston
North America,Mexico,Guadalajara
North America,Mexico,Monterrey
North America,Mexico,Puebla
North America,Mexico,La Paz
North America,Mexico,Leon
North America,Mexico,Ciudad Juarez
North America,Mexico,Mexicali
North America,Mexico,Tijuana
North America,Mexico,Merida
North America,Mexico,Acapulco
North America,Mexico,Oaxaca
North America,Mexico,Torreon
North America,Mexico,Aguascalientes
North America,Mexico,Morelia
North America,Mexico,Hermosillo
North America,Mexico,Saltillo
North America,Mexico,Veracruz
North America,Mexico,Queretaro
North America,Mexico,Tampico
North America,Mexico,Mazatlan
North America,Mexico,Irapuato
North America,Mexico,Matamoros
North America,Mexico,Cuernavaca
North America,Mexico,Celaya
North America,Mexico,Jalapa Enriquez
North America,Mexico,Reynosa
North America,Mexico,Nuevo Laredo
North America,Mexico,Coatzacoalcos
North America,Mexico,Tepic
North America,Mexico,Ciudad Obregon
North America,Mexico,Tuxtla Gutierrez
North America,Mexico,Ciudad Victoria
North America,Mexico,Campeche
North America,Mexico,Minatitlan
North America,Mexico,Ciudad Madero
North America,Mexico,Los Mochis
North America,Mexico,Monclova
North America,Mexico,Gomez Palacio
North America,Mexico,Orizaba
North America,Mexico,Culiacan
North America,Mexico,Mexicocity
North America,Mexico,Chinuahua
North America,Mexico,San Luis potosi
North America,Nicaragua,Managua
North America,Panama,Panama
North America,Panama,Colon
North America,PuertoRico,San Juan
North America,PuertoRico,Ponce
North America,PuertoRico,Arecibo
North America,SaintLucia,Castries
North America,SaintVincent,Kingstown
North America,Trinidad&Tobago,Port Of spain
North America,USA,Alabama
North America,USA,Birmingham
North America,USA,Huntsville
North America,USA,Montgomery
North America,USA,Mobile
North America,USA,Alaska
North America,USA,Anchorage
North America,USA,Barrow
North America,USA,Bethel
North America,USA,Nome
North America,USA,Arizona
North America,USA,Phoenix
North America,USA,Mesa
North America,USA,Tucson
North America,USA,Arkansas
North America,USA,Little Rock
North America,USA,California
North America,USA,Los Angeles
North America,USA,Sandiego
North America,USA,San Francisco
North America,USA,Sacramento
North America,USA,Stockton
North America,USA,Oakland
North America,USA,Berkeley
North America,USA,San Jose
North America,USA,Fresno
North America,USA,Bakersfield
North America,USA,San Bernardino
North America,USA,Long Beach
North America,USA,Colorado
North America,USA,Denver
North America,USA,Colorado Springs
North America,USA,Pueblo
North America,USA,Connecticut
North America,USA,Hartford
North America,USA,New Haven
North America,USA,Delaware
North America,USA,Florida
North America,USA,Jacksonville
North America,USA,Miami
North America,USA,Tallahassee
North America,USA,Orlando
North America,USA,Tampa
North America,USA,Fort Lauderdale
North America,USA,Georgia
North America,USA,Atlanta
North America,USA,Macon
North America,USA,Hawaii
North America,USA,Honolulu
North America,USA,Idaho
North America,USA,Boise
North America,USA,Illinois
North America,USA,Chicago
North America,USA,Rockford
North America,USA,Peoria
North America,USA,Indiana
North America,USA,Indianapolis
North America,USA,Gary
North America,USA,South Bend
North America,USA,Fort Wayne
North America,USA,Evansville
North America,USA,Iowa
North America,USA,Des Moines
North America,USA,Kansas
North America,USA,Topeka
North America,USA,Wichita
North America,USA,Kentucky
North America,USA,Lexington
North America,USA,Louisville
North America,USA,Louisiana
North America,USA,New Orleans
North America,USA,Baton Rouge
North America,USA,Shreveport
North America,USA,Maine
North America,USA,Maryland
North America,USA,Washington
North America,USA,Baltimore
North America,USA,Massachusetts
North America,USA,Boston
North America,USA,Worcester
North America,USA,Michigan
North America,USA,Detroit
North America,USA,Flint
North America,USA,Lansing
North America,USA,Grand Rapids
North America,USA,Minnesota
North America,USA,Minneapolis
North America,USA,St Paul
North America,USA,Mississippi
North America,USA,Jackson
North America,USA,Missouri
North America,USA,Kansas City
North America,USA,Montana
North America,USA,Helena
North America,USA,Nebraska
North America,USA,Lincoin
North America,USA,Omaha
North America,USA,Nevada
North America,USA,Las Vegas
North America,USA,Reno
North America,USA,New Hampshire
North America,USA,New Jersey
North America,USA,Newark
North America,USA,New Mexico
North America,USA,Albuquerque
North America,USA,New York
North America,USA,New York
North America,USA,Albany
North America,USA,Syracuse
North America,USA,Buffalo
North America,USA,Niagara Falls
North America,USA,North Carolina
North America,USA,Charlotte
North America,USA,Greensboro
North America,USA,Raleigh
North America,USA,Durham
North America,USA,North Dakota
North America,USA,Bismark
North America,USA,Ohio
North America,USA,Columbus
North America,USA,Cleveland
North America,USA,Cincinnati
North America,USA,Tledo
North America,USA,Akron
North America,USA,Youngstown
North America,USA,Dayton
North America,USA,Oklahoma
North America,USA,Oklahoma City
North America,USA,Tulsa
North America,USA,Oregon
North America,USA,Portland
North America,USA,Eugene
North America,USA,Pennsylvania
North America,USA,Philadelphia
North America,USA,Pittsburgh
North America,USA,Allentown
North America,USA,Erie
North America,USA,Rhode Island
North America,USA,Providence
North America,USA,South Carolina
North America,USA,South Dakota
North America,USA,Pierre
North America,USA,Tennessee
North America,USA,Nashville
North America,USA,Memphis
North America,USA,Knoxville
North America,USA,Chattanooga
North America,USA,Texas
North America,USA,Austin
North America,USA,Houston
North America,USA,Dallas
North America,USA,San Antonio
North America,USA,Waco
North America,USA,Fort Worth
North America,USA,Beaumont
North America,USA,Corpus Christi
North America,USA,Laredo
North America,USA,Lubbock
North America,USA,Amarillo
North America,USA,Brownsville
North America,USA,El Paso
North America,USA,Utah
North America,USA,Salt Lake City
North America,USA,Vermont
North America,USA,Virginia
North America,USA,Richmond
North America,USA,Norfolk
North America,USA,Newport News
North America,USA,Roanoke
North America,USA,Washington
North America,USA,Seattle
North America,USA,Spokane
North America,USA,Tacoma
North America,USA,West Virginia
North America,USA,Wisconsin
North America,USA,Milwaukee
North America,USA,Madison
North America,USA,Wyoming
North America,USA,Cheyenne
North Pole,North Pole,North Pole
Oceania,AmericanSamoa,Pago Pago
Oceania,Australia,Sydney
Oceania,Australia,Melbourne
Oceania,Australia,Brisbane
Oceania,Australia,Perth
Oceania,Australia,Adelaide
Oceania,Australia,Newcastle
Oceania,Australia,Canberra
Oceania,Australia,Wollongong
Oceania,Australia,Derby
Oceania,Australia,Gold Coast
Oceania,Australia,Hobart
Oceania,Australia,Geelong
Oceania,Australia,Townsville
Oceania,Australia,Darwin
Oceania,Australia,Albany
Oceania,Australia,Alice Springs
Oceania,Australia,Ayers Rock
Oceania,Australia,The Olgas
Oceania,Australia,Ballarat
Oceania,Australia,Birdum
Oceania,Australia,Broome
Oceania,Australia,Cairns
Oceania,Australia,CookTown
Oceania,Australia,Carnavon
Oceania,Australia,Cook
Oceania,Australia,Danpia
Oceania,Australia,Esperance
Oceania,Australia,Eucla
Oceania,Australia,Eyre
Oceania,Australia,Forrest
Oceania,Australia,Geraldton
Oceania,Australia,Kalgoorlie
Oceania,Australia,Leonore
Oceania,Australia,Mount Isa
Oceania,Australia,Mount Newman
Oceania,Australia,Normanton
Oceania,Australia,Penong
Oceania,Australia,Port Augusta
Oceania,Australia,Port Hedland
Oceania,Australia,Port Pirle
Oceania,Australia,Someset
Oceania,Australia,Yampi Sound
Oceania,Fiji,Suva
Oceania,FrenchGuiana,Cayenne
Oceania,FrenchPolynesia,Papeete
Oceania,Kiribati,Tarawa
Oceania,Marshall Islands,Majuro
Oceania,Micronesia,Parikir
Oceania,Nauru,Nauru
Oceania,NewCaledonia,Noumea
Oceania,New Zealand,Palmerston North
Oceania,New Zealand,Rotorua
Oceania,New Zealand,Hamilton
Oceania,New Zealand,Auckland
Oceania,New Zealand,Christchurch
Oceania,New Zealand,Dunedin
Oceania,New Zealand,Wellington
Oceania,PapuaNewGuinea,Port Moresby
Oceania,PapuaNewGuinea,Rabaul
Oceania,PapuaNewGuinea,Madang
Oceania,PapuaNewGuinea,Wewak
Oceania,SolomonIslands,Honiara
Oceania,Tonga,Nukualofa
Oceania,Tuvalu,Funafuti
Oceania,Vanuatu,Portvila
Oceania,WesternSamoa,Apia
South America,Argentina,Buenos Aires
South America,Argentina,Cordoba
South America,Argentina,Rosario
South America,Argentina,La Plata
South America,Argentina,San Juan
South America,Argentina,Salta
South America,Argentina,Bahia Blanca
South America,Argentina,Resistencia
South America,Argentina,Corrientes
South America,Argentina,Parana
South America,Argentina,Posadas
South America,Argentina,Mendoza
South America,Argentina,Mar Del plata
South America,Argentina,Ushuaia
South America,Argentina,Neuquen
South America,Argentina,Comodoro Rivadavia
South America,Bolivia,La Paz
South America,Bolivia,Santa Cruz
South America,Bolivia,Cochabamba
South America,Bolivia,Oruro
South America,Bolivia,Sucre
South America,Bolivia,Potosi
South America,Brazil,Sao Paulo
South America,Brazil,Belo Horizonte
South America,Brazil,Fortaleza
South America,Brazil,Curitiba
South America,Brazil,Recife
South America,Brazil,Porto Alegre
South America,Brazil,Belem
South America,Brazil,Manaus
South America,Brazil,Goiania
South America,Brazil,Campinas
South America,Brazil,Sao Luis
South America,Brazil,Natal
South America,Brazil,Maceio
South America,Brazil,Teresina
South America,Brazil,Santos
South America,Brazil,Joao Pessoa
South America,Brazil,Campo Grande
South America,Brazil,Campos
South America,Brazil,Aracaju
South America,Brazil,Londrina
South America,Brazil,Sorocaba
South America,Brazil,Uberlandia
South America,Brazil,Campina Grande
South America,Brazil,Joinville
South America,Brazil,Pelotas
South America,Brazil,Uberaba
South America,Brazil,Bauru
South America,Brazil,Piracicaba
South America,Brazil,Volta Redonda
South America,Brazil,Governador Valadares
South America,Brazil,Ponta Grossa
South America,Brazil,Cuiaba
South America,Brazil,Anapolis
South America,Brazil,Maringa
South America,Brazil,Florianopolis
South America,Brazil,Montes Claros
South America,Brazil,Santa Maria
South America,Brazil,Salvador
South America,Brazil,Rio De janeiro
South America,Brazil,Brasilia
South America,Chile,Valparaiso
South America,Chile,Concepcion
South America,Chile,Talcahuano
South America,Chile,Temuco
South America,Chile,Antofagasta
South America,Chile,Rancagua
South America,Chile,Arica
South America,Chile,Talca
South America,Chile,Chillan
South America,Chile,Santiago
South America,Chile,Osorno
South America,Chile,Valdivia
South America,Chile,Punta Arenas
South America,Colombia,Armenia
South America,Colombia,Cali
South America,Colombia,Barranquilla
South America,Colombia,Cartagena
South America,Colombia,Pereira
South America,Colombia,Bucaramanga
South America,Colombia,Manizales
South America,Colombia,Bello
South America,Colombia,Pasto
South America,Colombia,Neiva
South America,Colombia,Santa Marta
South America,Colombia,Palmira
South America,Colombia,Buenaventura
South America,Colombia,Valledupar
South America,Colombia,Ibague
South America,Colombia,Santafe De bogota
South America,Colombia,Medellin
South America,Ecuador,Guayaquil
South America,Ecuador,Quito
South America,Ecuador,Cuenca
South America,Guyana,Georgetown
South America,Paraguay,Asuncion
South America,Peru,Arequipa
South America,Peru,Callao
South America,Peru,Trujillo
South America,Peru,Chiclayo
South America,Peru,Piura
South America,Peru,Chimbote
South America,Peru,Cuzco
South America,Peru,Iquitos
South America,Peru,Huancayo
South America,Peru,Lima
South America,Suriname,Paramaribo
South America,Uruguay,Montevideo
South America,Uruguay,Salto
South America,Uruguay,Paysandu
South America,Venezuela,Caracas
South America,Venezuela,Barcelona
South America,Venezuela,Maracaibo
South America,Venezuela,Maracay
South America,Venezuela,Barquisimeto
South America,Venezuela,Valencia
South America,Venezuela,Ciudad Guayana
South America,Venezuela,Merida
South America,Venezuela,San Cristobal
South America,Venezuela,Ciudad Bolivar
South America,Venezuela,Maturin
South America,Venezuela,Cumana
South America,Venezuela,Cabimas
South America,Venezuela,Punto Fijo
South America,Venezuela,Puerto La Cruz
